{
    "parent": "item/handheld",
    "textures": {
        "layer0": "./scythe"
    },
	"display": {
		"thirdperson_righthand": {
			"rotation": [ 0, -90, 55 ],
			"translation": [ 0, 4.0, 0.5 ],
			"scale": [ 1.7, 1.7, 0.85 ]
		},
		"thirdperson_lefthand": {
			"rotation": [ 0, 90, -55 ],
			"translation": [ 0, 4.0, 0.5 ],
			"scale": [ 1.7, 1.7, 0.85 ]
		},
		"firstperson_righthand": {
			"rotation": [ 0, -90, 50 ],
			"translation": [ -0.13, 3.2, 1.13 ],
			"scale": [ 1.36, 1.36, 0.68 ]
		},
		"firstperson_lefthand": {
			"rotation": [ 0, 90, -50 ],
			"translation": [ -0.13, 3.2, 1.13 ],
			"scale": [ 1.36, 1.36, 0.68 ]
		},
		"ground": {
            "translation": [ 0, 4.0, 0],
            "scale":[ 1.0, 1.0, 0.5 ]
        },
		"fixed": {
			"scale": [ 2.0, 2.0, 1.0 ],
			"rotation": [ 0, 180, 0 ]
		}
    }
}
